cedula,nombre,apellido,email,cantidad_vehiculos_rentados,direccion,activo
99,Rivi,Shakelade,rshakelade0@earthlink.net,5,7399 Orin Point,1
24038110,Garner,Ruste,gruste1@vinaora.com,9,76755 Scoville Trail,0
25818441,Taddeo,Madill,tmadill2@example.com,4,923 Kedzie Trail,1
27293144,Orelle,Mattaus,omattaus3@sciencedirect.com,4,60044 Hauk Plaza,0
33331951,Egan,Ventam,eventam4@g.co,5,530 Hazelcrest Park,1
9391572,Vivien,Itzkin,vitzkin5@imageshack.us,2,389 Shoshone Drive,1
28359625,Dorrie,Dickson,ddickson6@facebook.com,5,1 Nevada Court,0
33335018,Cathrin,Bleby,cbleby7@washington.edu,12,33 Maryland Place,0
33652133,Emilio,Maplethorpe,emaplethorpe8@techcrunch.com,1,633 Truax Avenue,0
34548653,Ken,Torrent,ktorrent9@umn.edu,20,236 Cottonwood Junction,0
27419107,Sharon,Hulle,shullea@symantec.com,9,117 Dunning Point,1
9839275,Phillie,Turley,pturleyb@nydailynews.com,12,59321 New Castle Plaza,1
7846453,Dorene,Wallas,dwallasc@sitemeter.com,6,21645 Ridge Oak Road,1
28429212,Ibbie,Feria,iferiad@wikimedia.org,9,00018 Oxford Trail,1
6786561,Jessa,Wike,jwikee@purevolume.com,13,78 Summer Ridge Street,1
5190365,Olympia,Walling,owallingf@geocities.jp,4,98463 Washington Court,0
10014499,Olympe,Graves,ogravesg@pbs.org,3,9 Springs Park,0
22007364,Auberon,Cleverly,acleverlyh@fastcompany.com,6,3 Nancy Circle,1
24909723,Robb,Adan,radani@imageshack.us,18,6 Doe Crossing Trail,1
20546330,Theresina,Raynes,traynesj@china.com.cn,6,05 Sage Court,0
28867162,Coral,Niccolls,cniccollsk@ow.ly,8,2746 Straubel Lane,1
21791729,Meredith,Finnie,mfinniel@multiply.com,12,3 Tony Street,1
22671220,Jone,Culleford,jcullefordm@state.gov,6,2298 Hanson Court,0
31699387,Maynord,Partington,mpartingtonn@illinois.edu,14,43063 Nevada Point,1
25936400,Hans,Wozencraft,hwozencrafto@studiopress.com,20,47 Brentwood Plaza,0
6512217,Mair,Tebbs,mtebbsp@discuz.net,11,96550 Emmet Plaza,1
22653850,Iolande,Fosserd,ifosserdq@slate.com,5,914 Longview Avenue,1
11472122,Ludovico,Winspare,lwinsparer@diigo.com,7,54678 Mayfield Way,1
17092635,Flossie,Seabrook,fseabrooks@hexun.com,20,89 North Terrace,1
7814413,Laughton,Knapman,lknapmant@princeton.edu,20,403 Esker Pass,0
11464888,Martie,Leadbeatter,mleadbeatteru@nba.com,10,2947 Farragut Center,0
15419167,Monro,Tavernor,mtavernorv@google.fr,1,4116 Warner Road,0
31073301,Gisele,Snaith,gsnaithw@earthlink.net,8,396 Petterle Alley,1
10679651,Kendrick,Keasy,kkeasyx@dedecms.com,14,7 Petterle Road,0
19894007,Hilda,Pieroni,hpieroniy@samsung.com,3,9703 Anniversary Court,1
9395681,Burr,Grooby,bgroobyz@weibo.com,9,8 Graceland Crossing,1
21994107,Grier,Dirand,gdirand10@issuu.com,17,087 Towne Place,1
7345373,Zeke,Ratnage,zratnage11@weather.com,20,4 Katie Road,1
29892839,Dareen,Lamberteschi,dlamberteschi12@imgur.com,9,760 3rd Terrace,0
15854846,Ade,Nardoni,anardoni13@mashable.com,14,4 Northview Road,0
12825148,Kingsley,Bestwall,kbestwall14@prweb.com,16,9 Talmadge Lane,1
16120301,Clemmie,Denekamp,cdenekamp15@msn.com,19,10 Buhler Point,0
18769508,Halley,Strachan,hstrachan16@upenn.edu,10,85647 Norway Maple Place,1
28992785,Reynolds,Persey,rpersey17@odnoklassniki.ru,20,4 Forest Run Way,1
11207102,Montague,Wegman,mwegman18@github.io,10,8602 Springs Court,0
24106353,Lynn,Goldfinch,lgoldfinch19@psu.edu,5,0410 American Ash Way,0
5882344,Willis,Curbishley,wcurbishley1a@dailymotion.com,20,6857 Helena Crossing,1
19898989,Genny,Daout,gdaout1b@zdnet.com,6,9056 Muir Parkway,0
15298102,Jorrie,Layne,jlayne1c@jigsy.com,9,68691 Muir Place,1
34875704,Salvador,Crossan,scrossan1d@netlog.com,2,120 Bartelt Park,0
26217316,Carla,Edgeler,cedgeler1e@barnesandnoble.com,0,9 Burning Wood Place,1
24546679,Tabina,Atthow,tatthow1f@businessinsider.com,17,71 Victoria Parkway,1
26377148,Cori,Spraggon,cspraggon1g@taobao.com,8,398 Laurel Court,1
30992231,Livvy,Juanico,ljuanico1h@sitemeter.com,0,9 Elka Park,1
20894403,Ronalda,Jerrams,rjerrams1i@technorati.com,16,4077 Gateway Crossing,1
12795191,Worthington,Caller,wcaller1j@apple.com,16,59 Red Cloud Crossing,1
33394476,Ira,Fulks,ifulks1k@answers.com,10,1 Reindahl Lane,0
6451193,Vida,Qualtro,vqualtro1l@multiply.com,3,26 Barby Center,0
21760022,Deonne,Hatwells,dhatwells1m@ask.com,13,89 Ridgeway Road,1
28861629,Sollie,Tabart,stabart1n@npr.org,0,0704 Messerschmidt Pass,0
12327599,Vinita,Accum,vaccum1o@xing.com,17,310 Monterey Place,1
7957945,Hatty,Hymor,hhymor1p@census.gov,19,2780 John Wall Junction,1
13349944,Leann,Warbrick,lwarbrick1q@chronoengine.com,4,355 Amoth Plaza,0
33388766,Jordan,Tomashov,jtomashov1r@goodreads.com,16,9 Dryden Lane,1
9891016,Merell,Balden,mbalden1s@howstuffworks.com,17,56 Hoepker Road,0
34773801,Candice,Betteriss,cbetteriss1t@jalbum.net,16,114 Laurel Center,0
9786669,Sammie,Sallans,ssallans1u@about.me,0,82525 Fieldstone Court,0
11019139,Tommy,Flannery,tflannery1v@naver.com,2,48345 Gulseth Street,0
5658063,Ulberto,Crich,ucrich1w@wordpress.org,1,7946 Alpine Park,1
32216232,Joleen,Adnett,jadnett1x@nature.com,0,4 Parkside Parkway,0
13456467,Conroy,Canby,ccanby1y@cargocollective.com,19,922 Hudson Hill,1
13728177,Ozzy,Bradder,obradder1z@vkontakte.ru,20,80 Lillian Park,0
14104341,Amy,Lawrie,alawrie20@alibaba.com,11,7477 Holmberg Trail,0
26967226,Roana,Horley,rhorley21@barnesandnoble.com,1,817 Meadow Valley Hill,0
8266390,Johannes,Roseman,jroseman22@toplist.cz,14,99805 Shopko Parkway,1
32248705,Gasper,Cromar,gcromar23@ucsd.edu,9,5104 Pawling Pass,0
15413225,Constantine,Spadari,cspadari24@fc2.com,12,0127 Crownhardt Avenue,0
28743683,Drucie,Halfhide,dhalfhide25@chron.com,6,1547 Lyons Trail,0
23022751,Herve,Stranieri,hstranieri26@wordpress.com,4,1 Fairfield Park,1
15385951,Andi,Ikringill,aikringill27@tmall.com,5,1132 Di Loreto Trail,0
27750625,Krispin,Rylands,krylands28@comcast.net,1,3 Fallview Lane,1
25580634,Dorian,Strathern,dstrathern29@digg.com,11,4161 Debs Circle,0
33242578,Aprilette,Schust,aschust2a@google.ca,14,449 Schurz Center,1
15750382,Flory,Garnett,fgarnett2b@seattletimes.com,3,34 Straubel Alley,0
24811933,Francesca,McFarland,fmcfarland2c@imageshack.us,0,6 Corben Terrace,0
33232648,Ellsworth,Isaac,eisaac2d@nsw.gov.au,10,4122 Center Junction,0
20508526,Merwin,Stuttard,mstuttard2e@comsenz.com,7,63174 Scott Court,0
6413902,Minda,Bourthoumieux,mbourthoumieux2f@ameblo.jp,15,773 Portage Circle,1
34034956,Angelina,Saltrese,asaltrese2g@indiegogo.com,2,1705 Homewood Street,0
6194750,Janifer,Schwier,jschwier2h@aboutads.info,6,9213 Crescent Oaks Hill,1
31315591,Hall,Slaight,hslaight2i@squarespace.com,12,2320 Swallow Crossing,0
12756291,Lorrie,Pattinson,lpattinson2j@hao123.com,14,43309 Ronald Regan Street,1
10004505,Lianna,Warters,lwarters2k@ucsd.edu,2,14 Badeau Hill,1
11269416,Deana,Haddington,dhaddington2l@elegantthemes.com,16,68 Meadow Valley Point,1
18027292,Gal,Woollett,gwoollett2m@weebly.com,6,442 Mallard Hill,1
7958488,Eward,Jacob,ejacob2n@paginegialle.it,11,82 Cascade Alley,1
19688069,Gibbie,Praten,gpraten2o@tinypic.com,1,027 Basil Pass,0
10109649,Vanna,Oleksinski,voleksinski2p@weebly.com,20,7 Jenifer Lane,1
21238825,Frasco,Rowena,frowena2q@aol.com,19,8065 Forest Center,1
14815261,Gail,Zucker,gzucker2r@mozilla.org,10,799 Anniversary Court,0
21996693,Lindsay,Brosoli,lbrosoli2s@comcast.net,1,43982 Carpenter Street,0
9875303,Jacky,Girone,jgirone2t@booking.com,6,69368 Blackbird Point,0
11672194,Buddie,Niece,bniece2u@wix.com,11,88122 Aberg Court,1
14589997,Godfree,Tirkin,gtirkin2v@senate.gov,13,914 Linden Road,0
15139865,Erskine,Manie,emanie2w@xrea.com,2,77823 Nova Crossing,1
14381500,Brose,Glanton,bglanton2x@oakley.com,15,268 Pond Place,0
15800314,Kearney,Parcell,kparcell2y@rakuten.co.jp,6,398 Dawn Crossing,0
23208830,Reinhard,Bertin,rbertin2z@canalblog.com,5,9 Cottonwood Court,1
13698620,Shae,Betonia,sbetonia30@people.com.cn,17,9360 Harper Parkway,1
28334376,Galen,Bonnick,gbonnick31@etsy.com,13,2 Washington Park,1
31444483,Brion,Wiltshire,bwiltshire32@stanford.edu,10,4644 Washington Road,0
18956806,Amandy,Matei,amatei33@naver.com,5,77153 Heath Road,0
34695744,Renate,Putman,rputman34@meetup.com,0,932 Dapin Circle,0
21568191,Ellie,Vedenyapin,evedenyapin35@house.gov,17,054 Larry Parkway,0
6916853,Freedman,Cluney,fcluney36@hud.gov,19,17351 Saint Paul Crossing,1
23804330,Elisabet,Stamper,estamper37@topsy.com,13,43323 Dovetail Place,0
7537941,Amos,Humphrey,ahumphrey38@linkedin.com,18,2797 Lien Parkway,0
34527454,Dode,Juza,djuza39@friendfeed.com,10,64706 Grayhawk Drive,0
26985583,Everett,MacIllrick,emacillrick3a@bbb.org,2,471 Fair Oaks Junction,0
29523320,Elvera,Negri,enegri3b@answers.com,19,2254 Loftsgordon Street,0
24095810,Amalita,Pigney,apigney3c@gnu.org,14,55 Bellgrove Street,1
8326352,Marita,Bartod,mbartod3d@storify.com,14,80 Algoma Junction,1
26672198,Jane,Wrathall,jwrathall3e@uiuc.edu,5,71261 Commercial Junction,1
9938281,Borden,McCourtie,bmccourtie3f@home.pl,6,28504 Glendale Street,1
29625123,Moreen,Jenkinson,mjenkinson3g@ftc.gov,2,857 Sutteridge Parkway,1
15706379,Zared,Andrioletti,zandrioletti3h@goo.gl,8,8665 Mccormick Drive,0
21398813,Trstram,Phethean,tphethean3i@t-online.de,16,77 Hintze Trail,0
33564518,Scarface,Botwood,sbotwood3j@nymag.com,12,4027 Straubel Way,1
23998874,Court,Delagua,cdelagua3k@tinyurl.com,7,03409 Del Mar Alley,1
13958569,Vikki,Soutar,vsoutar3l@unc.edu,5,3033 Hanover Hill,1
30314251,Maggee,Renault,mrenault3m@ezinearticles.com,6,4190 Nancy Drive,0
17604985,Gregory,Chartman,gchartman3n@hibu.com,7,5049 Boyd Hill,1
6726543,Hazel,O'Downe,hodowne3o@skyrock.com,12,7 Tomscot Trail,1
22680438,Lilia,Lebang,llebang3p@netscape.com,3,39 Meadow Vale Place,0
19455603,Beauregard,Winckles,bwinckles3q@bloomberg.com,20,00783 Sachs Plaza,1
14476320,Noami,Cardwell,ncardwell3r@arizona.edu,19,92 South Street,0
5196214,Louisette,Glazier,lglazier3s@imgur.com,5,77 Macpherson Avenue,0
32887524,Linette,Fivey,lfivey3t@pagesperso-orange.fr,2,59234 Amoth Center,0
28053491,Felipe,Fettiplace,ffettiplace3u@friendfeed.com,3,1633 Sugar Crossing,1
8709514,Nike,Beckers,nbeckers3v@wiley.com,15,8161 Fieldstone Avenue,0
12108569,Al,Pattisson,apattisson3w@wordpress.com,3,0308 Tony Hill,0
30093675,Ruperta,Lamp,rlamp3x@spiegel.de,15,584 Barby Trail,1
30907738,Brew,Schwieso,bschwieso3y@networksolutions.com,5,41 Hanson Crossing,1
28082570,Jorry,Rive,jrive3z@netlog.com,20,3 Westridge Plaza,1
12194453,Gabi,Momford,gmomford40@npr.org,15,550 Armistice Trail,0
6029232,Jemie,McGrady,jmcgrady41@wikimedia.org,3,307 Drewry Terrace,1
14211030,Nessie,Delia,ndelia42@google.it,11,1 Clemons Hill,0
19297856,Quentin,Menezes,qmenezes43@slashdot.org,11,280 Artisan Pass,1
31012243,Amelia,Geydon,ageydon44@nationalgeographic.com,1,8 Randy Drive,1
27268199,Gal,Spinella,gspinella45@trellian.com,11,168 Mayer Street,0
7563638,Tybie,Butchart,tbutchart46@ifeng.com,13,0672 Reinke Point,0
10342575,Cris,Reilly,creilly47@is.gd,0,3 Chinook Alley,0
29394974,Timothea,Sirr,tsirr48@engadget.com,5,10 Crowley Crossing,1
29793262,Alyda,Defraine,adefraine49@360.cn,4,75 Del Sol Center,0
19543351,Joleen,Barts,jbarts4a@apple.com,6,782 Beilfuss Hill,1
29956202,Carlene,Mettricke,cmettricke4b@ustream.tv,20,7 Mariners Cove Court,1
16277867,Melly,Baker,mbaker4c@issuu.com,16,54 Helena Junction,0
33747631,Ruperto,Decayette,rdecayette4d@multiply.com,5,5 Novick Point,0
25522875,Garrik,Andreasson,gandreasson4e@yellowbook.com,15,95 Fairfield Parkway,0
6173691,Sonny,Pittet,spittet4f@pinterest.com,9,89 Parkside Point,0
19212735,Sallie,Sarrell,ssarrell4g@themeforest.net,5,1421 Declaration Place,0
5399170,Ara,Crunden,acrunden4h@instagram.com,17,856 Ludington Drive,0
33759868,Shandra,Emanuelli,semanuelli4i@wufoo.com,19,216 Vernon Junction,1
19418072,Caresse,Spurriar,cspurriar4j@lycos.com,0,90 Graceland Way,0
6066845,Maryellen,Hopfner,mhopfner4k@sphinn.com,15,581 Katie Point,1
20794463,Normie,Rittelmeyer,nrittelmeyer4l@1688.com,20,2 Crownhardt Drive,1
7130889,Vida,Tanswell,vtanswell4m@hud.gov,9,247 Talmadge Parkway,0
32002547,Bryant,Kos,bkos4n@google.com.br,8,561 Waubesa Trail,1
19079468,Marmaduke,Edwick,medwick4o@businessinsider.com,18,24 Express Pass,0
27712271,Davidde,Gillooly,dgillooly4p@buzzfeed.com,4,81909 Scofield Drive,0
9328626,Ban,Melbury,bmelbury4q@sourceforge.net,17,2 Northland Drive,1
8670422,Adelbert,Cardon,acardon4r@reuters.com,5,68016 Onsgard Road,0
11949165,Matthus,Varnham,mvarnham4s@newyorker.com,5,24215 Parkside Avenue,0
17572866,Jocelyne,English,jenglish4t@fema.gov,8,365 Mesta Hill,0
5307199,Eveline,Kinsell,ekinsell4u@globo.com,16,9726 Tennessee Trail,1
33304617,Philipa,Pelling,ppelling4v@disqus.com,11,21136 Lakewood Crossing,1
30454000,Genia,Hurle,ghurle4w@eepurl.com,8,283 Schurz Pass,0
24878814,Ivonne,MacIver,imaciver4x@disqus.com,13,7408 Loftsgordon Center,1
13758274,Lonee,Greed,lgreed4y@cbsnews.com,5,39 Brentwood Road,1
24824397,Pascale,Levis,plevis4z@eventbrite.com,9,8655 Hintze Street,0
23306484,Lilias,Sooley,lsooley50@youku.com,4,08 Spenser Road,1
32342517,Robb,Scone,rscone51@cyberchimps.com,19,301 Thompson Place,0
5570884,Odelia,Doeg,odoeg52@google.fr,6,58191 Fuller Avenue,1
31431807,Cindi,Jost,cjost53@angelfire.com,5,8689 Mariners Cove Alley,1
30243725,Umeko,Dauney,udauney54@networksolutions.com,1,1978 Stoughton Road,0
26302039,Dorolice,Rawle,drawle55@google.pl,5,05 Artisan Pass,0
13360168,Philbert,Christal,pchristal56@friendfeed.com,4,77495 Fuller Plaza,1
8679440,Deeann,Orth,dorth57@rediff.com,4,307 Washington Circle,0
7310202,Keen,Sim,ksim58@ucoz.ru,16,1 Heath Park,1
27412758,Zedekiah,Udey,zudey59@soup.io,8,3900 Huxley Park,1
31329269,Mara,Lempertz,mlempertz5a@a8.net,0,390 Waubesa Street,0
31301631,Allan,McMurraya,amcmurraya5b@icio.us,16,0656 Blackbird Parkway,1
29161901,Davon,Lindenstrauss,dlindenstrauss5c@homestead.com,15,861 Oxford Center,1
27815076,Agnola,Kleinert,akleinert5d@paypal.com,9,3 Vera Road,0
9283745,Margaretha,Kraft,mkraft5e@tuttocitta.it,20,86447 Main Avenue,0
10026359,Elysee,Codlin,ecodlin5f@tripod.com,17,5 Parkside Crossing,0
29036777,Nicolas,Dowdle,ndowdle5g@facebook.com,3,22 Logan Junction,0
33870571,Karena,Breese,kbreese5h@linkedin.com,13,91 Bultman Street,1
12868847,Sari,Edgeley,sedgeley5i@wufoo.com,14,314 Dunning Street,0
23657221,Fran,Padly,fpadly5j@joomla.org,8,94936 Manitowish Place,1
31723071,Luis,Urdaneta,luis@gmail.com,2,Av 12,1
